Shadowhunter23,Xylphn&,Иванов Иван Иванович
MysticPhoenix12,Zbr@pr!nt#,Петров Петр Петрович
DragonSlayer99,lph@nt$,Сидоров Сидор Сидорович
NightOwl89,Gir@ff$pot^,Кузнецова Анна Ивановна
Thunderbolt72,T!gr$tr!p&,Михайлов Михаил Михайлович
IceQueen44,Lop@rdpr!nt*,Николаев Николай Николаевич
Firefly22,Cht@h$pot%,Григорьева Елена Владимировна
DarkKnight66,Mnkytr&,Федоров Федор Федорович
Moonlight99,L!onro@r#,Козлов Константин Константинович
StarGazer88,H!pppt@mu$*,Лебедева Ольга Александровна
StormChaser55,Crcd!l^,Калинина Екатерина Сергеевна
OceanWave77,K@ng@roo$,Смирнов Сергей Владимирович
MysticMermaid33,K@l@br!,Белов Борис Борисович
SkyHigh22,Pl@typu$#,Васильева Анна Андреевна
GoldenEagle44,mufl!ght&,Максимов Максим Максимович
ArcticFox99,$tr!chgg*,Романова Татьяна Петровна
MidnightRider88,Sn@kb!t^,Гаврилов Гавриил Гаврилович
MysticWolf55,L!z@rdt@!l%,Дмитриев Дмитрий Дмитриевич
Wildfire77,Turtl$#hll&,Куликова Алина Александровна
Thunderbird32,@ll!g@tr^,Жуков Жук Жукович
SilverArrow22,ctpu$!nk*,Богданова Ирина Викторовна
MysticDragon99,Shr$&,Поляков Павел Павлович
Nightingale88,Jllyf!sh#,Карпова Ольга Валерьевна
OceanBreeze55,$t@rf!sh^,Соколов Сократ Сократович
FireDragon77,Lb$trcl@w%,Герасимова Наталья Игоревна
MysticPhoenix33,Cr@b$hell*,Яковлев Яков Яковлевич
ShadowWolf22,$hr!mpt@!l#,Киреева Александра Александровна
Thunderbolt99,$qu!dtnt@cl&,Андреев Андрей Андреевич
MoonlightRider88,Wh@long^,Шестакова Елена Алексеевна
MysticTiger55,Dlph!njumP*,Гусев Геннадий Геннадьевич
StarryNight77,$h@rkf!n#,Комарова Ирина Владимировна
FirePhoenix33,$lpup&,Савельев Савелий Савельевич
MysticLion22,Pngu!nw@ddle^,Попова Ольга Викторовна
OceanSunrise99,Pl@rbr$,Беляев Беля Беляевич
Thunderstorm88,W@lrus!vry#,Тимофеева Татьяна Ивановна
DarkDragon55,M$@ntlr&,Филиппов Филипп Филиппович
MysticUnicorn77,Drhf#,Ларина Анастасия Александровна
NightSky33,lkbugl^,Егоров Егор Егорович
MysticBear22,B!$nhrd%,Крылова Екатерина Дмитриевна
FirePhoenix99,Wlfhwl*,Щербаков Щербак Щербакович
MysticPanther88,Cythunt#,Марков Марк Маркович
OceanMist55,Fxdn&,Лазарева Анна Викторовна
Thunderbolt77,Brp@w$,Борисов Борис Борисович
MoonlightShadow33,R@ccnm@sk#,Кудряшова Оксана Андреевна
MysticLeopard22,$kunk$tr!p&,Горбачев Горбач Горбачевич
StarryEyes99,$qu!rrlt@!l*,Назаров Назар Назарович
FireDragon88,R@bb!tft#,Медведева Елена Сергеевна
MysticHawk55,Hdghg$p!n%,Князев Князь Князевич
OceanWaves77,Bvrd@m^,Чернова Ольга Ивановна
Thunderbird33,ttrpl@yful*,Рыбаков Рыбак Рыбакович
